{"cameraMode":{"drawMode":0,"name":"Shaded","section":"Shading Mode"},"sceneLighting":true,"audioPlay":false,"sceneViewState":{"m_AlwaysRefresh":false,"showFog":true,"showSkybox":true,"showFlares":true,"showImageEffects":true,"showParticleSystems":true,"showVisualEffectGraphs":true,"m_FxEnabled":true},"in2DMode":false,"pivot":{"x":-0.0012187808752059937,"y":0.011210575699806214,"z":0.0014142096042633057},"rotation":{"x":0.07445419579744339,"y":-0.06666740775108338,"z":-0.004988362547010183,"w":-0.9949824810028076},"size":0.4950528144836426,"orthographic":false}